{
    "log_perm": {
        "min": 4.533239323015982,
        "max": 0.18800401196525615
    },
    "por": {
        "min": 38.69794579600159,
        "max": 4.038987043974604
    },
    "api": {
        "min": 54.13737294686899,
        "max": 7.972850977798263
    },
    "log_vis": {
        "min": 4.810799426467936,
        "max": -1.23304809053567
    },
    "depth": {
        "min": 18606.631174695474,
        "max": 483.0914775241197
    },
    "temp": {
        "min": 300.40670579268533,
        "max": 33.13588146175741
    },
    "oil_sat": {
        "min": 90.75374937633237,
        "max": 27.10607884071362
    }
}