{
    "log_perm": {
        "min": 4.26938949580866,
        "max": 0.3263471519815437
    },
    "por": {
        "min": 41.897385832055605,
        "max": 5.72905909866446
    },
    "api": {
        "min": 55.200574635861884,
        "max": 8.722478197553121
    },
    "log_vis": {
        "min": 4.6135693339686075,
        "max": -1.0751932566796318
    },
    "depth": {
        "min": 17473.877039076404,
        "max": 581.8972117363071
    },
    "temp": {
        "min": 282.60689659206867,
        "max": 53.06861713352295
    },
    "oil_sat": {
        "min": 96.01365037339365,
        "max": 21.933530116906066
    }
}